A_ID,F_Name,L_Name,City,Age
1,Robert,Ball,Lindsaybury,51
2,Alejandro,Lee,Port Victorside,25
3,Mandy,Peterson,West Brianna,44
4,Kenneth,Johnson,North Tina,48
5,Miguel,Morgan,Tonyatown,37
6,James,Ponce,East Michael,42
7,Ashlee,Irwin,Ericmouth,61
8,Evan,Garner,North Brucemouth,52
9,David,Smith,South Virginiaburgh,35
10,Ryan,Bentley,Port Jenniferborough,48
11,Anna,Harrell,South Christytown,32
12,Grant,Townsend,Nguyenchester,52
13,Angela,White,West Kayla,41
14,Michael,Garcia,New Edwardfort,60
15,Susan,Perry,West Jerry,65
16,Christopher,Mcclure,East Keith,36
17,Tiffany,Lane,New Heatherberg,64
18,Robert,Doyle,Lake Tylerburgh,60
19,William,Hall,West Williamfurt,36
20,Eddie,Mills,Port Karenmouth,47
